<?xml version="1.0" encoding="UTF-8"?>
<project-private xmlns="http://www.netbeans.org/ns/project-private/1">
    <editor-bookmarks xmlns="http://www.netbeans.org/ns/editor-bookmarks/2" lastBookmarkId="0"/>
    <open-files xmlns="http://www.netbeans.org/ns/projectui-open-files/2">
        <group>
            <file>file:/C:/Users/DELL/Documents/DatabaseTest/src/extonextgroup/extonext_v2/MessagePage.java</file>
            <file>file:/C:/Users/DELL/Documents/DatabaseTest/src/extonextgroup/extonext_v2/WishListPageCorp.java</file>
            <file>file:/C:/Users/DELL/Documents/DatabaseTest/src/extonextgroup/extonext_v2/AddDonationListPage.java</file>
            <file>file:/C:/Users/DELL/Documents/DatabaseTest/src/extonextgroup/extonext_v2/DonationFilteredsearchCorp.java</file>
            <file>file:/C:/Users/DELL/Documents/DatabaseTest/src/extonextgroup/extonext_v2/FilteredBuyScreen.java</file>
            <file>file:/C:/Users/DELL/Documents/DatabaseTest/src/extonextgroup/extonext_v2/LoginScreen.java</file>
            <file>file:/C:/Users/DELL/Documents/DatabaseTest/src/extonextgroup/extonext_v2/WishListPagePersonal.java</file>
            <file>file:/C:/Users/DELL/Documents/DatabaseTest/src/extonextgroup/extonext_v2/AfterDonationPage.java</file>
            <file>file:/C:/Users/DELL/Documents/DatabaseTest/src/extonextgroup/extonext_v2/CorpProfilePage.java</file>
            <file>file:/C:/Users/DELL/Documents/DatabaseTest/src/extonextgroup/extonext_v2/PersonalProfilePage.java</file>
            <file>file:/C:/Users/DELL/Documents/DatabaseTest/src/extonextgroup/extonext_v2/MainPagePersonal.java</file>
            <file>file:/C:/Users/DELL/Documents/DatabaseTest/src/extonextgroup/extonext_v2/AfterDonationScreenCorp.java</file>
            <file>file:/C:/Users/DELL/Documents/DatabaseTest/src/extonextgroup/extonext_v2/Run.java</file>
            <file>file:/C:/Users/DELL/Documents/DatabaseTest/src/extonextgroup/extonext_v2/MainPageCorporation.java</file>
            <file>file:/C:/Users/DELL/Documents/DatabaseTest/src/extonextgroup/extonext_v2/CorpDonateScreen.java</file>
            <file>file:/C:/Users/DELL/Documents/DatabaseTest/src/extonextgroup/extonext_v2/ItemDetailsPage.java</file>
            <file>file:/C:/Users/DELL/Documents/DatabaseTest/src/extonextgroup/extonext_v2/UploadScreen.java</file>
            <file>file:/C:/Users/DELL/Documents/DatabaseTest/src/extonextgroup/extonext_v2/DBConnector.java</file>
            <file>file:/C:/Users/DELL/Documents/DatabaseTest/src/extonextgroup/extonext_v2/BuyScreen.java</file>
            <file>file:/C:/Users/DELL/Documents/DatabaseTest/src/extonextgroup/extonext_v2/DonationPersonalPage.java</file>
            <file>file:/C:/Users/DELL/Documents/DatabaseTest/src/extonextgroup/extonext_v2/WishListListPage.java</file>
            <file>file:/C:/Users/DELL/Documents/DatabaseTest/src/extonextgroup/extonext_v2/SignUpForm.java</file>
        </group>
    </open-files>
</project-private>
